{"cameraMode":{"drawMode":0,"name":"Shaded","section":"Shading Mode"},"sceneLighting":true,"audioPlay":false,"sceneViewState":{"m_AlwaysRefresh":false,"showFog":true,"showSkybox":true,"showFlares":true,"showImageEffects":true,"showParticleSystems":true,"showVisualEffectGraphs":true,"m_FxEnabled":true},"in2DMode":false,"pivot":{"x":8.532039642333985,"y":3.9949729442596437,"z":10.736263275146485},"rotation":{"x":-0.22705931961536408,"y":0.18535874783992768,"z":-0.044069819152355197,"w":-0.9550646543502808},"size":16.705108642578126,"orthographic":false}