{"cameraMode":{"drawMode":0,"name":"Shaded","section":"Shading Mode"},"sceneLighting":true,"audioPlay":false,"sceneViewState":{"m_AlwaysRefresh":false,"showFog":true,"showSkybox":true,"showFlares":true,"showImageEffects":true,"showParticleSystems":true,"showVisualEffectGraphs":true,"m_FxEnabled":true},"in2DMode":false,"pivot":{"x":-11.975109100341797,"y":2.2846243381500246,"z":0.5572859048843384},"rotation":{"x":0.11375047266483307,"y":-0.0071533252485096458,"z":0.0008190328371711075,"w":0.9934834837913513},"size":3.133108139038086,"orthographic":false}